Date,Open,High,Low,Close,Volume,Dividends,Stock Splits,Capital Gains,ticker
2023-11-30 00:00:00-05:00,385.34315837380626,385.80745226495605,381.13490900301946,384.10833740234375,52834400,0.0,0.0,0.0,QQQ
2023-12-01 00:00:00-05:00,383.0414558021042,385.79758458288353,381.3818636930955,385.2048645019531,40490100,0.0,0.0,0.0,QQQ
2023-12-04 00:00:00-05:00,381.40159679910977,381.90541337254484,378.0132554901904,381.6288146972656,51186900,0.0,0.0,0.0,QQQ
2023-12-05 00:00:00-05:00,379.7222879737383,383.7823649314117,379.54445083888635,382.5870666503906,42933000,0.0,0.0,0.0,QQQ
2023-12-06 00:00:00-05:00,385.53081967223824,385.6296113706674,380.0284808189571,380.37420654296875,41994100,0.0,0.0,0.0,QQQ
2023-12-07 00:00:00-05:00,383.35760668140927,386.51873044449405,382.26106992530634,385.6889343261719,49593500,0.0,0.0,0.0,QQQ
2023-12-08 00:00:00-05:00,383.9503076689904,387.8523238589643,383.7626124691667,387.4078063964844,46687500,0.0,0.0,0.0,QQQ
2023-12-11 00:00:00-05:00,386.98300463516034,390.9838426749662,386.77556315290263,390.71710205078125,41198000,0.0,0.0,0.0,QQQ
2023-12-12 00:00:00-05:00,390.75666786161526,393.947456459967,389.62063847081504,393.82891845703125,39221200,0.0,0.0,0.0,QQQ
2023-12-13 00:00:00-05:00,394.76737564135937,399.4498077725173,393.99684845335867,398.83734130859375,55408100,0.0,0.0,0.0,QQQ
2023-12-14 00:00:00-05:00,400.06229651269246,401.36624470342423,395.4786260456355,398.4916076660156,55447800,0.0,0.0,0.0,QQQ
2023-12-15 00:00:00-05:00,399.27192924563496,401.6032868244302,398.66935110583745,400.4178466796875,62896600,0.0,0.0,0.0,QQQ
2023-12-18 00:00:00-05:00,400.8118131679451,403.84069023789203,400.48518259292433,402.93994140625,46610000,0.808,0.0,0.0,QQQ
2023-12-19 00:00:00-05:00,403.39532058930905,405.1176150970901,403.20725047556124,404.99884033203125,35711900,0.0,0.0,0.0,QQQ
2023-12-20 00:00:00-05:00,404.1970751409553,406.2955098486141,398.8024897102253,398.98065185546875,54042400,0.0,0.0,0.0,QQQ
2023-12-21 00:00:00-05:00,402.920184502752,403.9892177846169,400.3565285095735,403.6229553222656,45568900,0.0,0.0,0.0,QQQ
2023-12-22 00:00:00-05:00,404.84043531974334,405.8005715457828,402.3460748080174,404.22674560546875,34314000,0.0,0.0,0.0,QQQ
2023-12-26 00:00:00-05:00,405.08792724831693,407.3744321303191,404.98893820693553,406.70135498046875,22722500,0.0,0.0,0.0,QQQ
2023-12-27 00:00:00-05:00,406.98458562407046,407.8164764899842,406.1229552263835,407.5292663574219,31980500,0.216,0.0,0.0,QQQ
2023-12-28 00:00:00-05:00,408.68798242413885,408.9355700662778,406.9746650602208,407.3311767578125,27029200,0.0,0.0,0.0,QQQ
2023-12-29 00:00:00-05:00,407.3113860703457,407.6679279958033,403.6470768284761,405.568359375,42662100,0.0,0.0,0.0,QQQ
2024-01-02 00:00:00-05:00,401.92390081611677,402.17148847655125,396.3779311777642,398.70526123046875,58026900,0.0,0.0,0.0,QQQ
2024-01-03 00:00:00-05:00,396.07089507710157,397.1305774375239,394.05060168069537,394.486328125,47002800,0.0,0.0,0.0,QQQ
2024-01-04 00:00:00-05:00,392.61454490792295,395.73414286099216,392.2382068915537,392.4560852050781,39432800,0.0,0.0,0.0,QQQ
2024-01-05 00:00:00-05:00,392.62450725119504,395.7044831084741,391.5252023697646,392.9216003417969,44922800,0.0,0.0,0.0,QQQ
2024-01-08 00:00:00-05:00,394.1496186539835,401.3296603770393,394.0010721112302,401.04248046875,42473800,0.0,0.0,0.0,QQQ
2024-01-09 00:00:00-05:00,398.0318349477131,402.7657098645736,397.83375272768575,401.83477783203125,39132900,0.0,0.0,0.0,QQQ
2024-01-10 00:00:00-05:00,402.1516524543131,405.56834369554264,401.26034300977926,404.5581970214844,33962800,0.0,0.0,0.0,QQQ
2024-01-11 00:00:00-05:00,405.8357810961895,407.23217906985536,400.3393171288109,405.4000244140625,54536200,0.0,0.0,0.0,QQQ
2024-01-12 00:00:00-05:00,406.4398620314566,407.2816660484565,404.2115732810395,405.60797119140625,39595000,0.0,0.0,0.0,QQQ
2024-01-16 00:00:00-05:00,404.3700436335004,407.1529263504869,402.90431389213234,405.568359375,43903000,0.0,0.0,0.0,QQQ
2024-01-17 00:00:00-05:00,402.25066639578245,403.6569471476789,399.0320273466964,403.2806091308594,54386000,0.0,0.0,0.0,QQQ
2024-01-18 00:00:00-05:00,406.55871563240174,409.58918603714187,405.21185332945134,409.0048828125,59562500,0.0,0.0,0.0,QQQ
2024-01-19 00:00:00-05:00,411.21333372155726,417.274273914948,410.6290305563093,417.1158142089844,70325100,0.0,0.0,0.0,QQQ
2024-01-22 00:00:00-05:00,419.324334667482,420.6316046615702,417.0564234202822,417.6605529785156,44880600,0.0,0.0,0.0,QQQ
2024-01-23 00:00:00-05:00,418.35376006744053,419.61152456207793,416.5117226198445,419.3936462402344,33003800,0.0,0.0,0.0,QQQ
2024-01-24 00:00:00-05:00,423.31545794662685,425.7022064915732,421.2258024889761,421.7209777832031,46948000,0.0,0.0,0.0,QQQ
2024-01-25 00:00:00-05:00,424.2265766240096,424.90003801444976,419.8888663004384,422.2359924316406,44367200,0.0,0.0,0.0,QQQ
2024-01-26 00:00:00-05:00,420.3443846588511,422.09729423034594,419.0668240026905,419.720458984375,37137000,0.0,0.0,0.0,QQQ
2024-01-29 00:00:00-05:00,420.1760202057739,424.21666740584453,419.5223852109654,424.0185852050781,38694700,0.0,0.0,0.0,QQQ
2024-01-30 00:00:00-05:00,422.9787552041851,423.5531452647477,420.2850003129524,421.19610595703125,36739000,0.0,0.0,0.0,QQQ
2024-01-31 00:00:00-05:00,416.78906795899496,418.78956534781673,412.76824682599994,412.9465026855469,64010600,0.0,0.0,0.0,QQQ
2024-02-01 00:00:00-05:00,414.7489025525553,418.3042572910343,413.77834816306245,417.80908203125,51008600,0.0,0.0,0.0,QQQ
2024-02-02 00:00:00-05:00,419.71061244660297,426.08847334017304,418.71037879637646,424.870361328125,59602400,0.0,0.0,0.0,QQQ
2024-02-05 00:00:00-05:00,424.92974741145673,425.464514985163,420.89901313797907,424.31573486328125,39889200,0.0,0.0,0.0,QQQ
2024-02-06 00:00:00-05:00,425.464455832466,426.06858534216695,421.11683293487255,423.4639587402344,35846100,0.0,0.0,0.0,QQQ
2024-02-07 00:00:00-05:00,426.2567926001766,428.65342405542555,424.9495225938039,427.821533203125,37712700,0.0,0.0,0.0,QQQ
2024-02-08 00:00:00-05:00,427.94039968058377,429.37642019492995,427.2570855456161,428.6138610839844,29889900,0.0,0.0,0.0,QQQ
2024-02-09 00:00:00-05:00,429.7526965841548,433.62497064967454,428.96042827671954,432.8326721191406,36943900,0.0,0.0,0.0,QQQ
2024-02-12 00:00:00-05:00,432.7237881762321,434.9025715582553,430.4558768680945,431.13922119140625,33203300,0.0,0.0,0.0,QQQ
2024-02-13 00:00:00-05:00,423.15699951586396,427.1084887044507,421.22580377325005,424.41473388671875,64491700,0.0,0.0,0.0,QQQ
2024-02-14 00:00:00-05:00,427.0985638276945,429.4654857929742,424.74152481565034,429.0396423339844,45092700,0.0,0.0,0.0,QQQ
2024-02-15 00:00:00-05:00,429.73292702270913,430.78269619535706,427.167892483565,430.3172302246094,38796100,0.0,0.0,0.0,QQQ
2024-02-16 00:00:00-05:00,430.6936052303469,430.79261611606995,425.7022295319213,426.415283203125,53716500,0.0,0.0,0.0,QQQ
2024-02-20 00:00:00-05:00,424.4147366485134,425.92997185440385,419.4134782182682,423.1966247558594,53999500,0.0,0.0,0.0,QQQ
2024-02-21 00:00:00-05:00,420.45331311223856,421.592240421049,417.561506436684,421.5030822753906,49779000,0.0,0.0,0.0,QQQ
2024-02-22 00:00:00-05:00,430.29739315923933,434.8827209600342,429.5249209528767,433.8428649902344,53887800,0.0,0.0,0.0,QQQ
2024-02-23 00:00:00-05:00,435.4076702672671,436.3386023239945,431.5849311508751,432.56536865234375,39853900,0.0,0.0,0.0,QQQ
2024-02-26 00:00:00-05:00,433.3773800438242,434.36773053285344,432.14932488572094,432.3374938964844,33043200,0.0,0.0,0.0,QQQ
2024-02-27 00:00:00-05:00,433.44677320384244,433.76366243564576,430.8322330355221,433.37744140625,33713200,0.0,0.0,0.0,QQQ
2024-02-28 00:00:00-05:00,431.2283449731761,432.4564002417421,430.10924398421486,431.06988525390625,32938800,0.0,0.0,0.0,QQQ
2024-02-29 00:00:00-05:00,434.00135692935396,435.8433945493471,430.82230972359486,434.763916015625,42495200,0.0,0.0,0.0,QQQ
2024-03-01 00:00:00-05:00,435.65525625000305,442.270791510957,435.595837627302,441.3101501464844,43853000,0.0,0.0,0.0,QQQ
2024-03-04 00:00:00-05:00,441.31009687293357,441.73597058168656,439.48785547616654,439.7354431152344,34325700,0.0,0.0,0.0,QQQ
2024-03-05 00:00:00-05:00,436.6851748986833,436.69508807559725,429.4655109107802,431.84234619140625,57917100,0.0,0.0,0.0,QQQ
2024-03-06 00:00:00-05:00,436.0711738965989,437.725042437446,432.67427866652747,434.5559387207031,46234500,0.0,0.0,0.0,QQQ
2024-03-07 00:00:00-05:00,438.1509113528084,442.40940670363625,436.6059366623216,441.15167236328125,44526700,0.0,0.0,0.0,QQQ
2024-03-08 00:00:00-05:00,441.5081801623854,444.31088916848194,434.11026027986867,434.78369140625,72096000,0.0,0.0,0.0,QQQ
2024-03-11 00:00:00-04:00,433.28833187376614,434.4272291011454,431.2382987306211,433.16949462890625,45860000,0.0,0.0,0.0,QQQ
2024-03-12 00:00:00-04:00,435.4868360403753,439.73541792274483,432.2483705641161,439.37890625,55300900,0.0,0.0,0.0,QQQ
2024-03-13 00:00:00-04:00,438.37863565385044,438.3984620063114,434.8826996546063,436.0018005371094,37928700,0.0,0.0,0.0,QQQ
2024-03-14 00:00:00-04:00,437.23977017652857,437.76465476192743,432.1790933458998,434.9025573730469,52195200,0.0,0.0,0.0,QQQ
2024-03-15 00:00:00-04:00,431.86215772576384,434.6351270874889,428.56427357521653,429.73291015625,73069800,0.0,0.0,0.0,QQQ
2024-03-18 00:00:00-04:00,435.0710876933443,437.3618203198335,433.5934934257889,433.8315124511719,47323800,0.573,0.0,0.0,QQQ
2024-03-19 00:00:00-04:00,431.8184093155366,435.3189683120467,429.71606445011173,434.9123840332031,43004100,0.0,0.0,0.0,QQQ
2024-03-20 00:00:00-04:00,436.1122558091499,440.40613051217326,434.4065993117252,440.0689697265625,43653500,0.0,0.0,0.0,QQQ
2024-03-21 00:00:00-04:00,445.13639587885984,445.59255105668296,441.9531753932683,442.1514892578125,39345700,0.0,0.0,0.0,QQQ
2024-03-22 00:00:00-04:00,441.63581790167524,443.75795471311835,440.78297450531056,442.6572265625,28253900,0.0,0.0,0.0,QQQ
2024-03-25 00:00:00-04:00,439.85085067024545,442.5382714859671,438.849294490246,441.05078125,27789200,0.0,0.0,0.0,QQQ
2024-03-26 00:00:00-04:00,442.57786928705144,443.50013613572423,439.3946489924608,439.62274169921875,34142000,0.0,0.0,0.0,QQQ
2024-03-27 00:00:00-04:00,442.7167361983034,442.81590826063257,438.24433947591956,441.1201477050781,41359200,0.0,0.0,0.0,QQQ
2024-03-28 00:00:00-04:00,441.070574211559,441.9234176268969,439.94999346626497,440.3070068359375,36839600,0.0,0.0,0.0,QQQ
2024-04-01 00:00:00-04:00,441.2589885667326,443.79763595945445,439.32523929867665,441.2391662597656,38729000,0.0,0.0,0.0,QQQ
2024-04-02 00:00:00-04:00,436.4097741439207,437.74852136420907,434.3768829945287,437.4311828613281,44259700,0.0,0.0,0.0,QQQ
2024-04-03 00:00:00-04:00,435.29910613002795,440.29708147447735,435.2892101079776,438.4129333496094,39949800,0.0,0.0,0.0,QQQ
2024-04-04 00:00:00-04:00,442.60765528118344,443.22250998661207,431.48122734232624,431.7093200683594,57267700,0.0,0.0,0.0,QQQ
2024-04-05 00:00:00-04:00,433.13731100057555,439.47403376675936,432.3241424296577,436.7965393066406,54744600,0.0,0.0,0.0,QQQ
2024-04-08 00:00:00-04:00,437.7286878155733,438.8095936916302,435.53712747102014,436.9254455566406,28144900,0.0,0.0,0.0,QQQ
2024-04-09 00:00:00-04:00,439.2657015077085,439.54336509489866,433.79174924750464,438.54180908203125,39443600,0.0,0.0,0.0,QQQ
2024-04-10 00:00:00-04:00,433.3554807446242,435.57678977181143,432.6414842340189,434.71405029296875,61502200,0.0,0.0,0.0,QQQ
2024-04-11 00:00:00-04:00,436.5883013945989,442.6076554234298,434.30746492273147,441.6556701660156,45474600,0.0,0.0,0.0,QQQ
2024-04-12 00:00:00-04:00,437.4212525251469,438.55172924126435,433.23644591876376,434.6148376464844,53665000,0.0,0.0,0.0,QQQ
2024-04-15 00:00:00-04:00,438.3732573371675,438.4625031137757,426.62207920806094,427.4649963378906,63453600,0.0,0.0,0.0,QQQ
2024-04-16 00:00:00-04:00,427.3062945635793,430.142457944285,426.1163207029913,427.504638671875,47619000,0.0,0.0,0.0,QQQ
2024-04-17 00:00:00-04:00,429.4879438120598,429.50776611697734,421.356319862856,422.2884826660156,56880500,0.0,0.0,0.0,QQQ
2024-04-18 00:00:00-04:00,422.9331145486182,424.6685197571985,419.3036348808197,419.8788146972656,46549400,0.0,0.0,0.0,QQQ
2024-04-19 00:00:00-04:00,418.69870733437347,419.22428595011604,409.6250239335418,411.19183349609375,75231000,0.0,0.0,0.0,QQQ
2024-04-22 00:00:00-04:00,413.82970138532335,417.6674213850305,410.48781146853577,415.3271179199219,47807700,0.0,0.0,0.0,QQQ
2024-04-23 00:00:00-04:00,417.2608068172804,422.72486361887206,415.3766586914757,421.52496337890625,44384700,0.0,0.0,0.0,QQQ
2024-04-24 00:00:00-04:00,424.6288804555555,426.146119246378,420.66223992916287,422.9529724121094,48440300,0.0,0.0,0.0,QQQ
2024-04-25 00:00:00-04:00,415.7435851591573,421.7728957250398,414.652783221514,420.91015625,57392200,0.0,0.0,0.0,QQQ
2024-04-26 00:00:00-04:00,424.05367120624175,428.942548052639,423.35952732013,427.4054870605469,41874900,0.0,0.0,0.0,QQQ
2024-04-29 00:00:00-04:00,429.5177353307269,430.14248602327274,426.39401213106163,429.1408996582031,30022200,0.0,0.0,0.0,QQQ
2024-04-30 00:00:00-04:00,427.55423790616953,428.9524822520637,420.969630704574,421.0489501953125,43665900,0.0,0.0,0.0,QQQ
2024-05-01 00:00:00-04:00,419.62095789585453,426.5526824520506,417.1517339743829,418.0045471191406,52251700,0.0,0.0,0.0,QQQ
2024-05-02 00:00:00-04:00,421.75302894752986,424.24210548579566,417.1219932221059,423.3396911621094,36559000,0.0,0.0,0.0,QQQ
2024-05-03 00:00:00-04:00,430.81687045901293,432.83986579115066,429.01204158684163,431.84820556640625,48515300,0.0,0.0,0.0,QQQ
2024-05-06 00:00:00-04:00,433.65289904644277,436.66755387249196,432.87940546918037,436.57830810546875,30227200,0.0,0.0,0.0,QQQ
2024-05-07 00:00:00-04:00,437.02463232314915,438.2840297962167,435.9139475542184,436.6477966308594,30996100,0.0,0.0,0.0,QQQ
2024-05-08 00:00:00-04:00,434.0199016435761,437.79812431113413,433.900877007212,436.38995361328125,24896700,0.0,0.0,0.0,QQQ
2024-05-09 00:00:00-04:00,436.65767106694204,437.9170987408149,434.8032715536724,437.3419189453125,24580100,0.0,0.0,0.0,QQQ
2024-05-10 00:00:00-04:00,438.8492682397871,440.6044957185327,436.8262731662219,438.3732604980469,27116600,0.0,0.0,0.0,QQQ
2024-05-13 00:00:00-04:00,440.2871494121526,440.3863214728053,437.9666684555867,439.3847351074219,22994200,0.0,0.0,0.0,QQQ
2024-05-14 00:00:00-04:00,438.958324196547,442.7464729293576,438.7699063620887,442.2109680175781,34478300,0.0,0.0,0.0,QQQ
2024-05-15 00:00:00-04:00,444.69017202443706,449.37080933476875,443.1729331432844,449.1228942871094,41464700,0.0,0.0,0.0,QQQ
2024-05-16 00:00:00-04:00,448.9344332726971,450.8979311561078,448.04194523953385,448.2105407714844,34780400,0.0,0.0,0.0,QQQ
2024-05-17 00:00:00-04:00,448.33942742548146,448.94435581536936,445.7908840017169,447.99237060546875,35803700,0.0,0.0,0.0,QQQ
2024-05-20 00:00:00-04:00,448.21053210724057,451.78048417088377,448.0221142717293,451.1160888671875,24474200,0.0,0.0,0.0,QQQ
2024-05-21 00:00:00-04:00,449.26169595517035,452.1870750648368,449.0633518318087,451.9986572265625,23167700,0.0,0.0,0.0,QQQ
2024-05-22 00:00:00-04:00,452.2564498399487,453.0101211118982,449.30129219320145,451.90936279296875,25120000,0.0,0.0,0.0,QQQ
2024-05-23 00:00:00-04:00,456.70907923163844,456.7388278262186,448.0816539096593,449.8765563964844,40899200,0.0,0.0,0.0,QQQ
2024-05-24 00:00:00-04:00,451.4929482496402,455.400091575861,449.7872916185841,454.1307678222656,29669500,0.0,0.0,0.0,QQQ
2024-05-28 00:00:00-04:00,455.350483420067,455.90581066229674,452.8812594229002,455.8463134765625,26216800,0.0,0.0,0.0,QQQ
2024-05-29 00:00:00-04:00,451.68137654495143,454.41833798326735,451.5425295975173,452.63336181640625,29739200,0.0,0.0,0.0,QQQ
2024-05-30 00:00:00-04:00,451.70118826281276,451.8400352069915,446.45529771251273,447.78411865234375,30536800,0.0,0.0,0.0,QQQ
2024-05-31 00:00:00-04:00,448.0122249896627,448.70639920551855,439.36494720101433,446.9511413574219,55941300,0.0,0.0,0.0,QQQ
2024-06-03 00:00:00-04:00,450.77891451860455,451.78047058650446,444.1645286939056,449.3509216308594,32997500,0.0,0.0,0.0,QQQ
2024-06-04 00:00:00-04:00,449.09310676679996,451.78049717683933,447.36762786882804,450.5805969238281,23767400,0.0,0.0,0.0,QQQ
2024-06-05 00:00:00-04:00,454.1605135166423,459.7435345818929,450.620279618369,459.6642150878906,33817400,0.0,0.0,0.0,QQQ
2024-06-06 00:00:00-04:00,460.34850194433557,460.665840473326,458.3354329370959,459.5055847167969,21966800,0.0,0.0,0.0,QQQ
2024-06-07 00:00:00-04:00,459.1386433849938,461.85578247592053,457.9883139946212,459.0989685058594,25829700,0.0,0.0,0.0,QQQ
2024-06-10 00:00:00-04:00,457.96846238086493,461.3103519862797,457.6808724859084,460.9533386230469,20660800,0.0,0.0,0.0,QQQ
2024-06-11 00:00:00-04:00,459.6741120421122,464.2357543643346,458.17669566942965,464.1167297363281,22053300,0.0,0.0,0.0,QQQ
2024-06-12 00:00:00-04:00,468.0536282860077,472.5260249005162,467.3594843925755,470.19561767578125,34532600,0.0,0.0,0.0,QQQ
2024-06-13 00:00:00-04:00,473.73586175507495,474.4002873344188,470.46339554706907,472.74420166015625,25859000,0.0,0.0,0.0,QQQ
2024-06-14 00:00:00-04:00,472.5458577452709,475.2630269854355,472.07977628993007,475.193603515625,23372600,0.0,0.0,0.0,QQQ
2024-06-17 00:00:00-04:00,475.46131562785564,482.799593891664,474.15234737134074,481.0146179199219,37054500,0.0,0.0,0.0,QQQ
2024-06-18 00:00:00-04:00,480.96507725010366,481.84763900683316,479.3982373367575,481.16339111328125,24438600,0.0,0.0,0.0,QQQ
2024-06-20 00:00:00-04:00,482.36335027824913,482.7798305998029,475.6200430053543,477.4546203613281,33918700,0.0,0.0,0.0,QQQ
2024-06-21 00:00:00-04:00,477.176940419479,478.5156876477148,474.6779677863536,476.17535400390625,37456800,0.0,0.0,0.0,QQQ
2024-06-24 00:00:00-04:00,474.94573089678033,476.6838944372882,470.61523513950357,470.7542724609375,37751000,0.762,0.0,0.0,QQQ
2024-06-25 00:00:00-04:00,472.8500244668389,476.435593050345,471.906437833723,476.13763427734375,29014700,0.0,0.0,0.0,QQQ
2024-06-26 00:00:00-04:00,475.3131829243897,477.66717823691323,474.8960406845145,477.1208801269531,22737100,0.0,0.0,0.0,QQQ
2024-06-27 00:00:00-04:00,476.87259619260544,479.83245120840394,476.05813517124824,478.3525085449219,26222100,0.0,0.0,0.0,QQQ
2024-06-28 00:00:00-04:00,479.14711316443487,483.90472338998865,475.22381776924044,475.8694152832031,34881600,0.0,0.0,0.0,QQQ
2024-07-01 00:00:00-04:00,476.7931722914513,479.2265830925867,473.0387402083802,478.66046142578125,24898300,0.0,0.0,0.0,QQQ
2024-07-02 00:00:00-04:00,477.16064857731465,483.7458100140832,477.03152301013625,483.68621826171875,26723600,0.0,0.0,0.0,QQQ
2024-07-03 00:00:00-04:00,482.93134386964243,487.847875565811,482.93134386964243,487.71875,18064900,0.0,0.0,0.0,QQQ
2024-07-05 00:00:00-04:00,488.5629997369305,493.2411340464325,488.2650106714653,492.8041076660156,28495900,0.0,0.0,0.0,QQQ
2024-07-08 00:00:00-04:00,493.17161627995387,494.53234515414084,492.14858410868317,493.97613525390625,22109400,0.0,0.0,0.0,QQQ
2024-07-09 00:00:00-04:00,495.49573359659405,496.6180953418527,492.88351756530983,494.4031677246094,25614500,0.0,0.0,0.0,QQQ
2024-07-10 00:00:00-04:00,496.33011791423746,500.1143459061642,495.0190689952908,499.5581359863281,28046900,0.0,0.0,0.0,QQQ
2024-07-11 00:00:00-04:00,499.66738901743446,499.8759601517641,487.4108568034901,488.60272216796875,49966600,0.0,0.0,0.0,QQQ
2024-07-12 00:00:00-04:00,489.1788017056475,496.240696987892,488.7119794494803,491.4731750488281,37109400,0.0,0.0,0.0,QQQ
2024-07-15 00:00:00-04:00,493.2510696688847,497.6213336845571,490.748125078136,492.794189453125,31151400,0.0,0.0,0.0,QQQ
2024-07-16 00:00:00-04:00,494.2542514301147,495.06871248508804,489.81448387875247,492.98291015625,25950600,0.0,0.0,0.0,QQQ
2024-07-17 00:00:00-04:00,484.97742214156807,485.4938941085194,478.44194058688345,478.5114440917969,56268800,0.0,0.0,0.0,QQQ
2024-07-18 00:00:00-04:00,482.2460432411684,482.4248185092798,473.0486649513109,476.24688720703125,49347400,0.0,0.0,0.0,QQQ
2024-07-19 00:00:00-04:00,475.9091310064151,478.4319595042984,470.73437876281446,472.02557373046875,42042900,0.0,0.0,0.0,QQQ
2024-07-22 00:00:00-04:00,477.9055815130326,480.08077143386856,474.4789041552317,479.0577392578125,40300000,0.0,0.0,0.0,QQQ
2024-07-23 00:00:00-04:00,478.15386678483986,481.15342934804005,476.89246765926686,477.36920166015625,23282500,0.0,0.0,0.0,QQQ
2024-07-24 00:00:00-04:00,470.6151767777019,470.9826693166206,459.3816779424556,460.24578857421875,58818600,0.0,0.0,0.0,QQQ
2024-07-25 00:00:00-04:00,460.5835294952639,464.7749878140538,452.54825161831076,455.1703796386719,59256800,0.0,0.0,0.0,QQQ
2024-07-26 00:00:00-04:00,459.5207496514002,462.7785633719282,456.6602243726604,459.8385925292969,39992100,0.0,0.0,0.0,QQQ
2024-07-29 00:00:00-04:00,462.56005380386296,464.74518571755453,458.4977211057792,460.7622985839844,28218500,0.0,0.0,0.0,QQQ
2024-07-30 00:00:00-04:00,462.6991274170474,463.4043166892039,451.0782508086242,454.4353942871094,41317200,0.0,0.0,0.0,QQQ
2024-07-31 00:00:00-04:00,464.70545137397374,469.5921871864052,463.2553348988527,467.8838195800781,44552100,0.0,0.0,0.0,QQQ
2024-08-01 00:00:00-04:00,468.5691286753036,472.33347212368807,452.8958623418857,456.55096435546875,56653900,0.0,0.0,0.0,QQQ
2024-08-02 00:00:00-04:00,447.8402922501388,450.5021580359357,441.4637024026831,445.7147521972656,66323200,0.0,0.0,0.0,QQQ
2024-08-05 00:00:00-04:00,421.837360360957,439.2984706561797,420.58590329425436,432.4252624511719,87483500,0.0,0.0,0.0,QQQ
2024-08-06 00:00:00-04:00,434.2726672917811,444.0461076971121,431.62071334573017,436.5570983886719,63164400,0.0,0.0,0.0,QQQ
2024-08-07 00:00:00-04:00,443.47007663365133,445.9631095066361,431.4320572357311,431.829345703125,54929200,0.0,0.0,0.0,QQQ
2024-08-08 00:00:00-04:00,438.07680199984554,445.9531586191668,434.1932444122477,445.0393981933594,47890100,0.0,0.0,0.0,QQQ
2024-08-09 00:00:00-04:00,443.7183956975271,449.0024203351312,442.5960337762922,447.36358642578125,33574000,0.0,0.0,0.0,QQQ
2024-08-12 00:00:00-04:00,448.3369379119588,451.2967626201712,445.51612020964365,448.3269958496094,27795000,0.0,0.0,0.0,QQQ
2024-08-13 00:00:00-04:00,452.7369761543098,459.71942610948145,452.59790852337574,459.45123291015625,40084500,0.0,0.0,0.0,QQQ
2024-08-14 00:00:00-04:00,460.3749733562008,461.9641272088199,455.29952003256074,459.6002502441406,34733700,0.0,0.0,0.0,QQQ
2024-08-15 00:00:00-04:00,465.5894605111915,471.6084701008011,465.21202586511583,471.211181640625,38280600,0.0,0.0,0.0,QQQ
2024-08-16 00:00:00-04:00,469.42331359169515,473.1876874820908,468.4598732127125,471.8170166015625,38383600,0.0,0.0,0.0,QQQ
2024-08-19 00:00:00-04:00,471.95611425601714,478.0545694827898,470.16827069807226,478.01483154296875,23737700,0.0,0.0,0.0,QQQ
2024-08-20 00:00:00-04:00,477.1010148179421,479.6734929390646,475.3131714709229,477.0116271972656,29209300,0.0,0.0,0.0,QQQ
2024-08-21 00:00:00-04:00,477.7962760557126,481.09382761218853,476.0779967778975,479.2364807128906,25658800,0.0,0.0,0.0,QQQ
2024-08-22 00:00:00-04:00,481.56066517737185,482.2559426845834,470.60527043027247,471.63824462890625,37739600,0.0,0.0,0.0,QQQ
2024-08-23 00:00:00-04:00,475.99854869072635,479.4748756967485,472.06534147961065,476.75341796875,36061500,0.0,0.0,0.0,QQQ
2024-08-26 00:00:00-04:00,476.20712513612904,477.13082756027296,470.0391062909155,472.1249084472656,27452600,0.0,0.0,0.0,QQQ
2024-08-27 00:00:00-04:00,470.48606637495175,474.6079906160666,468.51944775193795,473.5353088378906,27510000,0.0,0.0,0.0,QQQ
2024-08-28 00:00:00-04:00,473.06848507632054,473.79352811373775,464.72530693701805,468.1618957519531,37372400,0.0,0.0,0.0,QQQ
2024-08-29 00:00:00-04:00,470.07886723160885,474.6974098895093,466.19530972422103,467.4765930175781,41081500,0.0,0.0,0.0,QQQ
2024-08-30 00:00:00-04:00,471.8269533223109,473.674358184777,467.32759435434446,473.0486145019531,33466500,0.0,0.0,0.0,QQQ
2024-09-03 00:00:00-04:00,469.99943863374244,470.12853389393064,456.302701297159,458.68646240234375,44985200,0.0,0.0,0.0,QQQ
2024-09-04 00:00:00-04:00,455.56768690303494,461.30859125060357,454.6340423974472,457.4945373535156,32505100,0.0,0.0,0.0,QQQ
2024-09-05 00:00:00-04:00,455.86565501004293,462.21241905468736,454.8426228577565,457.9216613769531,34452400,0.0,0.0,0.0,QQQ
2024-09-06 00:00:00-04:00,457.21640493094884,458.10039969506266,445.15853326901026,445.6551513671875,50624400,0.0,0.0,0.0,QQQ
2024-09-09 00:00:00-04:00,449.99564464803194,452.3794057534475,446.77756867127937,451.38616943359375,32981200,0.0,0.0,0.0,QQQ
2024-09-10 00:00:00-04:00,453.1541245672566,456.0643299932791,449.1712675740587,455.5577697753906,29680300,0.0,0.0,0.0,QQQ
2024-09-11 00:00:00-04:00,456.7993288987733,466.1953361907622,448.22769443230897,465.4504089355469,57843000,0.0,0.0,0.0,QQQ
2024-09-12 00:00:00-04:00,465.4801899049605,470.8337481570052,463.6923766741707,470.019287109375,40067800,0.0,0.0,0.0,QQQ
2024-09-13 00:00:00-04:00,469.28426736368397,473.30686199215853,469.0558121175472,472.1249084472656,29111800,0.0,0.0,0.0,QQQ
2024-09-16 00:00:00-04:00,469.9894738460358,470.65492517384394,466.7118062737845,470.03912353515625,22585600,0.0,0.0,0.0,QQQ
2024-09-17 00:00:00-04:00,473.0684941915781,474.36963123270954,467.784470154112,470.28741455078125,30084400,0.0,0.0,0.0,QQQ
2024-09-18 00:00:00-04:00,471.4892722143178,475.5913125717107,467.64542236585686,468.2513122558594,39909200,0.0,0.0,0.0,QQQ
2024-09-19 00:00:00-04:00,479.34574052396084,482.9412812738034,477.24008448658077,480.0906677246094,52782500,0.0,0.0,0.0,QQQ
2024-09-20 00:00:00-04:00,479.2265600896189,480.41845574275317,475.0648976771265,479.1769104003906,34577700,0.0,0.0,0.0,QQQ
2024-09-23 00:00:00-04:00,480.35753876399014,481.5411532777672,479.0147794870256,480.4470520019531,24843000,0.677,0.0,0.0,QQQ
2024-09-24 00:00:00-04:00,481.8594076096414,483.7193645829603,477.59245820747196,482.7645263671875,25952600,0.0,0.0,0.0,QQQ
2024-09-25 00:00:00-04:00,482.1379081226381,485.17155394845867,481.95888164673994,483.2121276855469,26549900,0.0,0.0,0.0,QQQ
2024-09-26 00:00:00-04:00,490.7215880503668,491.04983361052376,483.1922164784065,486.842529296875,32020200,0.0,0.0,0.0,QQQ
2024-09-27 00:00:00-04:00,487.86701615014687,488.00627920570344,482.9535314389067,484.13714599609375,22851100,0.0,0.0,0.0,QQQ
2024-09-30 00:00:00-04:00,483.17232696807946,485.78821395881425,480.3276940460128,485.4500427246094,30281100,0.0,0.0,0.0,QQQ
2024-10-01 00:00:00-04:00,485.08206108110625,485.3804385534666,474.83733279282353,478.6865539550781,42735400,0.0,0.0,0.0,QQQ
2024-10-02 00:00:00-04:00,477.7814234131209,481.28254755619815,475.1556106595733,479.3629150390625,23744000,0.0,0.0,0.0,QQQ
2024-10-03 00:00:00-04:00,477.1647769048644,481.9489547067567,476.4188028564975,479.0048522949219,25337200,0.0,0.0,0.0,QQQ
2024-10-04 00:00:00-04:00,484.83337806086183,485.2610625337713,479.80054259491305,484.7040710449219,30686600,0.0,0.0,0.0,QQQ
2024-10-07 00:00:00-04:00,482.78446340912143,483.958121938575,478.2887071345021,479.5121154785156,24975100,0.0,0.0,0.0,QQQ
2024-10-08 00:00:00-04:00,482.0583546441301,487.3597299131588,481.252705142601,486.6734313964844,28272000,0.0,0.0,0.0,QQQ
2024-10-09 00:00:00-04:00,486.3750602662613,491.0796806722642,485.33070878142695,490.5027770996094,24995000,0.0,0.0,0.0,QQQ
2024-10-10 00:00:00-04:00,488.2151203073797,491.8156832689234,486.90219879044656,489.9457702636719,25750400,0.0,0.0,0.0,QQQ
2024-10-11 00:00:00-04:00,488.1056780098677,491.73610894443993,487.53876086190434,490.71160888671875,20644500,0.0,0.0,0.0,QQQ
2024-10-14 00:00:00-04:00,493.1087129085002,496.1522845063359,492.6014712113681,494.8294372558594,26060100,0.0,0.0,0.0,QQQ
2024-10-15 00:00:00-04:00,495.1576612241944,495.8240780548679,486.05678401670787,488.21514892578125,34784500,0.0,0.0,0.0,QQQ
2024-10-16 00:00:00-04:00,488.54335051027755,489.0506225559772,484.95274347162825,488.2748107910156,22996800,0.0,0.0,0.0,QQQ
2024-10-17 00:00:00-04:00,493.77514948668596,493.82486894890553,488.5533310956286,488.6130065917969,27210700,0.0,0.0,0.0,QQQ
2024-10-18 00:00:00-04:00,491.40790156825085,492.90980565670185,490.65197150724066,491.8157043457031,25335000,0.0,0.0,0.0,QQQ
2024-10-21 00:00:00-04:00,490.6022552281417,493.5662696437468,488.6726666363485,492.7606201171875,30336500,0.0,0.0,0.0,QQQ
2024-10-22 00:00:00-04:00,490.0850569058557,494.7797213575166,489.32912684084965,493.2976989746094,26685800,0.0,0.0,0.0,QQQ
2024-10-23 00:00:00-04:00,490.9404005936158,491.5968613498573,482.4462348949116,485.73846435546875,39346600,0.0,0.0,0.0,QQQ
2024-10-24 00:00:00-04:00,489.46835151368117,490.35358858620776,486.8127010036224,489.67724609375,22024900,0.0,0.0,0.0,QQQ
2024-10-25 00:00:00-04:00,492.4821368426961,497.59452988954064,491.7759262195307,492.6611633300781,38762100,0.0,0.0,0.0,QQQ
2024-10-28 00:00:00-04:00,495.7842943698639,495.8439698659142,492.4423451759984,492.74072265625,20477800,0.0,0.0,0.0,QQQ
2024-10-29 00:00:00-04:00,493.0589598127873,498.65874264266057,491.1990028914103,497.4751281738281,28014100,0.0,0.0,0.0,QQQ
2024-10-30 00:00:00-04:00,496.7093062383675,497.66414449235685,493.2280941179006,493.7154541015625,29756000,0.0,0.0,0.0,QQQ
2024-10-31 00:00:00-04:00,489.73692610636607,489.7866455665972,481.1532467902301,481.2527160644531,41245200,0.0,0.0,0.0,QQQ
2024-11-01 00:00:00-04:00,482.89384405538004,488.1156621424876,482.5954665919066,484.8134765625,33655800,0.0,0.0,0.0,QQQ
2024-11-04 00:00:00-05:00,484.2067725635964,486.75302813437827,481.6505609593022,483.401123046875,23291600,0.0,0.0,0.0,QQQ
2024-11-05 00:00:00-05:00,484.99249677066786,490.23422685674956,484.902983532783,489.56781005859375,24353600,0.0,0.0,0.0,QQQ
2024-11-06 00:00:00-05:00,497.87301638729133,503.6916199489961,496.9181781185984,502.8660583496094,43082200,0.0,0.0,0.0,QQQ
2024-11-07 00:00:00-05:00,505.67090198917174,511.56909280939686,505.61122649755987,510.7832946777344,32853100,0.0,0.0,0.0,QQQ
2024-11-08 00:00:00-05:00,510.2859952945871,512.1559083693408,509.6593722584983,511.380126953125,22924500,0.0,0.0,0.0,QQQ
2024-11-11 00:00:00-05:00,512.6035426608158,512.8124372573974,508.177448009592,511.081787109375,24167500,0.0,0.0,0.0,QQQ
2024-11-12 00:00:00-05:00,511.01210691191994,511.8972832625985,507.0932240126998,510.15667724609375,25835300,0.0,0.0,0.0,QQQ
2024-11-13 00:00:00-05:00,509.64949375077566,512.2156007658452,507.21263305307264,509.5002746582031,24567400,0.0,0.0,0.0,QQQ
2024-11-14 00:00:00-05:00,509.1620975260134,510.0373482348618,505.04430625976136,505.9593811035156,28679500,0.0,0.0,0.0,QQQ
2024-11-15 00:00:00-05:00,500.2402199212759,500.6281106168657,491.8355673896348,493.9044189453125,51461100,0.0,0.0,0.0,QQQ
2024-11-18 00:00:00-05:00,495.45609859308905,499.44458307369,494.0636197076434,497.3359375,27080800,0.0,0.0,0.0,QQQ
2024-11-19 00:00:00-05:00,494.7498905270381,501.244836636938,494.41168891677285,500.7574462890625,24523000,0.0,0.0,0.0,QQQ
2024-11-20 00:00:00-05:00,500.4590686244457,500.77735816706814,493.8944909882249,500.4690246582031,29565500,0.0,0.0,0.0,QQQ
2024-11-21 00:00:00-05:00,503.52250281083025,504.23863907755907,494.88910418409273,502.269287109375,34526700,0.0,0.0,0.0,QQQ
2024-11-22 00:00:00-05:00,501.71227969019674,503.81093861066995,500.0810686634939,503.0749206542969,23826600,0.0,0.0,0.0,QQQ
2024-11-25 00:00:00-05:00,507.1628348574178,508.7045326214257,501.5531263369306,503.87060546875,26375200,0.0,0.0,0.0,QQQ
2024-11-26 00:00:00-05:00,505.35261100508006,507.40158084162204,504.50719809176707,506.5760192871094,26557100,0.0,0.0,0.0,QQQ
2024-11-27 00:00:00-05:00,505.44214367713033,505.51174484646646,499.23561951766123,502.5875244140625,24957400,0.0,0.0,0.0,QQQ
2024-11-29 00:00:00-05:00,503.21417752443887,507.60050843550283,502.59751052014724,507.00372314453125,15334000,0.0,0.0,0.0,QQQ
2024-12-02 00:00:00-05:00,508.26693218686097,513.4887504350102,507.8790111186217,512.52392578125,25147200,0.0,0.0,0.0,QQQ
2024-12-03 00:00:00-05:00,511.1910897278422,514.3739240276802,510.6141862135398,514.0953979492188,18597900,0.0,0.0,0.0,QQQ
2024-12-04 00:00:00-05:00,517.5269512439784,520.7097859190565,516.8107846060128,520.451171875,26086200,0.0,0.0,0.0,QQQ
2024-12-05 00:00:00-05:00,520.5008591030347,521.226921022137,518.6209900907503,519.0089111328125,18169600,0.0,0.0,0.0,QQQ
2024-12-06 00:00:00-05:00,519.675280801468,523.8925105480843,519.5459737916175,523.65380859375,23762600,0.0,0.0,0.0,QQQ
2024-12-09 00:00:00-05:00,522.7288945325893,523.5245880810076,518.4221204877712,519.575927734375,20674400,0.0,0.0,0.0,QQQ
2024-12-10 00:00:00-05:00,520.8091667441121,522.5597286555064,516.3730864780794,517.8053588867188,24350000,0.0,0.0,0.0,QQQ
2024-12-11 00:00:00-05:00,522.1819268575543,527.7617991633098,521.7741543497997,527.0755004882812,32168600,0.0,0.0,0.0,QQQ
2024-12-12 00:00:00-05:00,524.8474256077255,526.1205837537462,523.1963631388469,523.6737670898438,23577500,0.0,0.0,0.0,QQQ
2024-12-13 00:00:00-05:00,527.6124973833525,530.307911172932,524.4694263576389,527.68212890625,28780400,0.0,0.0,0.0,QQQ
2024-12-16 00:00:00-05:00,530.2184846535105,536.2559086463527,530.1388970892364,535.2811279296875,31979900,0.0,0.0,0.0,QQQ
2024-12-17 00:00:00-05:00,533.480880730976,534.5948638726153,531.2628704823146,532.9238891601562,28579100,0.0,0.0,0.0,QQQ
2024-12-18 00:00:00-05:00,532.2774136203708,533.9981077949216,512.2455077654021,513.6976318359375,54703200,0.0,0.0,0.0,QQQ
2024-12-19 00:00:00-05:00,518.3922480893227,518.9591956072048,511.07177122977293,511.409912109375,46441800,0.0,0.0,0.0,QQQ
2024-12-20 00:00:00-05:00,507.7000078297467,522.0028221794778,506.556186993886,515.8758544921875,60530000,0.0,0.0,0.0,QQQ
2024-12-23 00:00:00-05:00,517.5943450139422,521.2804299717675,514.1872352921986,520.90185546875,29672800,0.835,0.0,0.0,QQQ
2024-12-24 00:00:00-05:00,522.854514827797,528.0548371426894,522.2169092458087,527.9652099609375,17558200,0.0,0.0,0.0,QQQ
2024-12-26 00:00:00-05:00,526.331416906876,529.2404090350186,524.3289727948384,527.6065673828125,19090500,0.0,0.0,0.0,QQQ
2024-12-27 00:00:00-05:00,524.0300435156842,524.4683897338862,515.9106967940162,520.593017578125,33839600,0.0,0.0,0.0,QQQ
2024-12-30 00:00:00-05:00,513.5695291597104,517.4050126837748,509.9033582941444,513.6691284179688,34584000,0.0,0.0,0.0,QQQ
2024-12-31 00:00:00-05:00,514.9543347038892,515.7114228726336,508.3393140727987,509.3056640625,29117000,0.0,0.0,0.0,QQQ
2025-01-02 00:00:00-05:00,512.3641052015905,514.6953239346398,503.80644256925154,508.3094482421875,36389800,0.0,0.0,0.0,QQQ
2025-01-03 00:00:00-05:00,511.417696434176,517.6940315122579,510.60083647061316,516.6280517578125,29059500,0.0,0.0,0.0,QQQ
2025-01-06 00:00:00-05:00,522.0476114174397,525.9328953582989,520.065111494004,522.5656127929688,36109700,0.0,0.0,0.0,QQQ
2025-01-07 00:00:00-05:00,523.6116330578326,524.0100909190774,511.34797203831766,513.2407836914062,36690300,0.0,0.0,0.0,QQQ
2025-01-08 00:00:00-05:00,513.1411571001679,514.9741969361809,508.6481238764345,513.3304443359375,30777800,0.0,0.0,0.0,QQQ
2025-01-10 00:00:00-05:00,509.5547442725234,509.6543435394188,502.02320337175274,505.2808837890625,40532500,0.0,0.0,0.0,QQQ
2025-01-13 00:00:00-05:00,499.3134390625005,504.1152729350246,497.8190852309919,503.6570129394531,31694200,0.0,0.0,0.0,QQQ
2025-01-14 00:00:00-05:00,506.8250294419463,508.2396977619812,499.7019490145044,503.1788024902344,33737200,0.0,0.0,0.0,QQQ
2025-01-15 00:00:00-05:00,511.09889744457155,515.9007006401041,509.5347694909147,514.7550659179688,34957600,0.0,0.0,0.0,QQQ
2025-01-16 00:00:00-05:00,517.026467249921,517.1061831442493,511.01919663194894,511.1487121582031,28229000,0.0,0.0,0.0,QQQ
2025-01-17 00:00:00-05:00,520.8819303330192,522.0973697832961,511.1786021287471,519.776123046875,51837900,0.0,0.0,0.0,QQQ
2025-01-21 00:00:00-05:00,522.5058431761768,523.9902251025194,518.102497036575,522.8246459960938,23628000,0.0,0.0,0.0,QQQ
2025-01-22 00:00:00-05:00,527.5766383538297,531.8106408124149,527.2678076655376,529.5093383789062,33593000,0.0,0.0,0.0,QQQ
2025-01-23 00:00:00-05:00,527.0486459270462,530.7546752856922,526.4609007666552,530.6351318359375,23096600,0.0,0.0,0.0,QQQ
2025-01-24 00:00:00-05:00,531.0136677980639,531.7807280773806,526.1620039307094,527.6364135742188,19878300,0.0,0.0,0.0,QQQ
2025-01-27 00:00:00-05:00,509.0765966785985,516.0402765990139,508.2297899969277,512.2745361328125,60771700,0.0,0.0,0.0,QQQ
2025-01-28 00:00:00-05:00,513.2806042053568,521.0313482861533,509.85358086015856,519.8458251953125,33194200,0.0,0.0,0.0,QQQ
2025-01-29 00:00:00-05:00,520.4934372745863,520.6229528077788,514.9543680275574,518.8695678710938,26649000,0.0,0.0,0.0,QQQ
2025-01-30 00:00:00-05:00,521.738726504641,524.1196841000327,516.2594290396685,521.0811767578125,27431300,0.0,0.0,0.0,QQQ
2025-01-31 00:00:00-05:00,524.9366128086152,529.5193345139795,519.2282004570609,520.3240356445312,38755200,0.0,0.0,0.0,QQQ
2025-02-03 00:00:00-05:00,511.53724066840994,518.8894667950981,509.12636671091076,516.1597900390625,40580800,0.0,0.0,0.0,QQQ
2025-02-04 00:00:00-05:00,516.6778655999509,523.1334552229995,516.2793468900811,522.495849609375,26046800,0.0,0.0,0.0,QQQ
2025-02-05 00:00:00-05:00,519.8558471490118,525.0263141261553,518.6603518561534,524.8668823242188,21134100,0.0,0.0,0.0,QQQ
2025-02-06 00:00:00-05:00,525.3750084458582,527.8157988351848,523.7611109716172,527.6065673828125,19434500,0.0,0.0,0.0,QQQ
2025-02-07 00:00:00-05:00,528.1444531000723,530.0970363211669,520.2243664565356,520.9515991210938,29605500,0.0,0.0,0.0,QQQ
2025-02-10 00:00:00-05:00,525.2354245805267,528.3636196768954,524.7672229274917,527.2578125,20852800,0.0,0.0,0.0,QQQ
2025-02-11 00:00:00-05:00,523.9802362938708,527.9252913951378,523.8507207672724,526.0025634765625,19325500,0.0,0.0,0.0,QQQ
2025-02-12 00:00:00-05:00,520.3339861084905,527.1980658905265,519.9853278738981,526.3114013671875,25009400,0.0,0.0,0.0,QQQ
2025-02-13 00:00:00-05:00,527.9850525304931,534.2015544609476,527.1980481045974,533.8828125,28714800,0.0,0.0,0.0,QQQ
2025-02-14 00:00:00-05:00,533.9923693740982,536.8117337584231,533.6536224423348,536.1243286132812,17862600,0.0,0.0,0.0,QQQ
2025-02-18 00:00:00-05:00,537.698413065698,537.9674162315473,534.022299955899,537.3397827148438,20565000,0.0,0.0,0.0,QQQ
2025-02-19 00:00:00-05:00,536.5427605384632,538.774319161458,534.440717443179,537.4891967773438,19666900,0.0,0.0,0.0,QQQ
2025-02-20 00:00:00-05:00,536.7021786452833,537.0707810856188,530.4558205310736,535.2078247070312,26550800,0.0,0.0,0.0,QQQ
2025-02-21 00:00:00-05:00,536.3534192678146,536.373363440965,523.7311290744665,524.0997314453125,47093800,0.0,0.0,0.0,QQQ
2025-02-24 00:00:00-05:00,525.893006175843,527.0785293164791,517.574460821282,517.9131469726562,39268400,0.0,0.0,0.0,QQQ
2025-02-25 00:00:00-05:00,517.2854859915275,517.3652018839585,507.52238695535993,511.3877868652344,48940000,0.0,0.0,0.0,QQQ
2025-02-26 00:00:00-05:00,513.5894882871941,517.7038863374212,509.4451131699638,512.6231079101562,34457600,0.0,0.0,0.0,QQQ
2025-02-27 00:00:00-05:00,516.179721700075,517.1161858963768,498.16775925470586,498.3869323730469,52448000,0.0,0.0,0.0,QQQ
2025-02-28 00:00:00-05:00,498.24745713466467,506.864891443897,495.05949014730743,506.2572021484375,47654000,0.0,0.0,0.0,QQQ
2025-03-03 00:00:00-05:00,509.5945814567039,511.10884909409276,491.72210680896086,495.1790466308594,44587200,0.0,0.0,0.0,QQQ
2025-03-04 00:00:00-05:00,492.3198540523609,501.8438669070773,485.90409236827736,493.6846923828125,67875400,0.0,0.0,0.0,QQQ
2025-03-05 00:00:00-05:00,494.33226372255456,501.7342891326799,489.4108559644338,500.1203918457031,46323700,0.0,0.0,0.0,QQQ
2025-03-06 00:00:00-05:00,491.8316909406421,496.7032685538406,484.36989397516925,486.36236572265625,57574300,0.0,0.0,0.0,QQQ
2025-03-07 00:00:00-05:00,485.3262961011522,491.42325508804356,478.7212470644506,489.9388732910156,54714700,0.0,0.0,0.0,QQQ
2025-03-10 00:00:00-04:00,481.6302729539333,482.1483046930257,466.8959350231872,470.95062255859375,76668000,0.0,0.0,0.0,QQQ
2025-03-11 00:00:00-04:00,470.5720365490684,477.0077119927552,465.25214045630736,469.8248596191406,68760800,0.0,0.0,0.0,QQQ
2025-03-12 00:00:00-04:00,477.35640613966797,479.2492483034156,470.01415228809566,475.1248474121094,46971100,0.0,0.0,0.0,QQQ
2025-03-13 00:00:00-04:00,474.4573475399869,474.48723340088907,464.67430370193534,466.5771179199219,46563300,0.0,0.0,0.0,QQQ
2025-03-14 00:00:00-04:00,471.94682088464697,478.75109837332525,471.3391012058141,477.8544921875,43563000,0.0,0.0,0.0,QQQ
2025-03-17 00:00:00-04:00,477.80464993047315,484.01121007163346,476.00146551756944,480.9527587890625,41744400,0.0,0.0,0.0,QQQ
2025-03-18 00:00:00-04:00,477.6054480628794,477.8046769977494,470.63179688559507,472.7537841796875,39072300,0.0,0.0,0.0,QQQ
2025-03-19 00:00:00-04:00,475.01520527629424,483.50312363162146,473.0825053273427,479.0798645019531,40430300,0.0,0.0,0.0,QQQ
2025-03-20 00:00:00-04:00,475.0849778783517,482.7260901579374,474.3876005916405,477.4560241699219,36780500,0.0,0.0,0.0,QQQ
2025-03-21 00:00:00-04:00,472.29549549568526,479.7971505017605,471.1299165344871,479.0300598144531,42234900,0.0,0.0,0.0,QQQ
2025-03-24 00:00:00-04:00,486.6286929361406,490.3901226191041,483.296306654798,489.54205322265625,34567200,0.716,0.0,0.0,QQQ
2025-03-25 00:00:00-04:00,490.27040239350913,492.4953019420397,489.30261128131787,492.3356628417969,26035200,0.0,0.0,0.0,QQQ
2025-03-26 00:00:00-04:00,491.1783047786964,492.036361140999,481.71992401202056,483.2763671875,34627100,0.0,0.0,0.0,QQQ
2025-03-27 00:00:00-04:00,481.31085258636614,485.47133436435945,479.1557704025238,480.52264404296875,33469800,0.0,0.0,0.0,QQQ
2025-03-28 00:00:00-04:00,478.716780016139,479.4251537993937,466.98356470882175,467.8715515136719,46363800,0.0,0.0,0.0,QQQ
2025-03-31 00:00:00-04:00,460.8675723729834,468.7894538218736,456.28800345950606,467.85162353515625,53000300,0.0,0.0,0.0,QQQ
2025-04-01 00:00:00-04:00,466.23526514595727,472.5508595678627,463.3618526767417,471.62298583984375,41156200,0.0,0.0,0.0,QQQ
2025-04-02 00:00:00-04:00,465.05794840151947,478.4673280191872,464.79853106385406,475.0650939941406,49894500,0.0,0.0,0.0,QQQ
2025-04-03 00:00:00-04:00,455.40000781261466,459.0217417604512,449.1143744877712,449.6331787109375,70456300,0.0,0.0,0.0,QQQ
2025-04-04 00:00:00-04:00,437.14172341887735,439.3666229320661,421.70697021484375,421.70697021484375,117088400,0.0,0.0,0.0,QQQ
2025-04-07 00:00:00-04:00,407.72888642907077,442.13033594097755,401.47318336158713,422.7246398925781,161557000,0.0,0.0,0.0,QQQ
2025-04-08 00:00:00-04:00,437.16165046755134,442.1303144349011,408.85629674852464,415.11199951171875,101248100,0.0,0.0,0.0,QQQ
2025-04-09 00:00:00-04:00,414.6231430319054,466.7640494224436,414.48344740281163,464.938232421875,142876900,0.0,0.0,0.0,QQQ
2025-04-10 00:00:00-04:00,452.52658097834694,454.5519544943761,431.64427637376247,445.16339111328125,108384100,0.0,0.0,0.0,QQQ
2025-04-11 00:00:00-04:00,443.6368995420995,454.7515326857512,440.3244565510031,453.36468505859375,52483800,0.0,0.0,0.0,QQQ
2025-04-14 00:00:00-04:00,463.4017603039649,463.99041238720434,451.5987273133604,456.43768310546875,43941200,0.0,0.0,0.0,QQQ
2025-04-15 00:00:00-04:00,457.49523727635807,461.3264842842656,455.11066821301586,456.94647216796875,35404200,0.0,0.0,0.0,QQQ
2025-04-16 00:00:00-04:00,448.00689370261694,451.58871031200715,436.76258311356116,443.1679382324219,48980600,0.0,0.0,0.0,QQQ
2025-04-17 00:00:00-04:00,446.1511471509205,446.72981223752805,440.3543570860115,443.088134765625,44837000,0.0,0.0,0.0,QQQ
2025-04-21 00:00:00-04:00,437.2314980152638,438.0795369204027,426.9549484348984,432.1231384277344,44149300,0.0,0.0,0.0,QQQ
2025-04-22 00:00:00-04:00,437.82017753392927,446.5601976003793,436.6228994956535,443.46728515625,52304400,0.0,0.0,0.0,QQQ
2025-04-23 00:00:00-04:00,457.126082514728,462.3242031118777,451.8481271450211,453.5242919921875,55801100,0.0,0.0,0.0,QQQ
2025-04-24 00:00:00-04:00,455.4399282507265,466.5944474838895,454.791384907367,466.28515625,45956100,0.0,0.0,0.0,QQQ
2025-04-25 00:00:00-04:00,465.90601675595167,472.01206755185086,464.32963016047904,471.4832763671875,38697100,0.0,0.0,0.0,QQQ
2025-04-28 00:00:00-04:00,471.95220062328804,473.7281436779861,464.96815011298537,471.3336181640625,33550800,0.0,0.0,0.0,QQQ
2025-04-29 00:00:00-04:00,469.09876024538016,475.3345200084478,468.5200646884619,474.446533203125,30613100,0.0,0.0,0.0,QQQ
2025-04-30 00:00:00-04:00,466.06566379739684,476.11272692532424,461.3763604209729,474.38665771484375,46810600,0.0,0.0,0.0,QQQ
2025-05-01 00:00:00-04:00,482.30855818505677,486.0699573116427,479.6446283596297,480.5824890136719,43316500,0.0,0.0,0.0,QQQ
2025-05-02 00:00:00-04:00,485.4314565899748,489.7914949378418,483.7253307988606,487.7162170410156,39218100,0.0,0.0,0.0,QQQ
2025-05-05 00:00:00-04:00,483.49585870590107,487.9157577687587,482.99699794174893,484.82281494140625,28309500,0.0,0.0,0.0,QQQ
2025-05-06 00:00:00-04:00,478.467349889628,483.9448315222372,477.1004762212246,480.3131408691406,32786300,0.0,0.0,0.0,QQQ
2025-05-07 00:00:00-04:00,480.9816004896274,484.69312594348264,475.6936883542095,482.1988220214844,38006300,0.0,0.0,0.0,QQQ
2025-05-08 00:00:00-04:00,487.4169031432312,491.57741536579834,483.06685184010024,487.1774597167969,39577600,0.0,0.0,0.0,QQQ
2025-05-09 00:00:00-04:00,489.09307133776764,490.4200580470196,485.09222863644607,486.8581848144531,27767400,0.0,0.0,0.0,QQQ
2025-05-12 00:00:00-04:00,505.83481476868576,506.73278847929913,500.3373899950198,506.69287109375,45090600,0.0,0.0,0.0,QQQ
2025-05-13 00:00:00-04:00,507.99985019165166,516.211108574203,507.2615460721175,514.4152221679688,53269600,0.0,0.0,0.0,QQQ
2025-05-14 00:00:00-04:00,515.5926085268512,518.0469646789172,514.5749130124277,517.4982299804688,47014500,0.0,0.0,0.0,QQQ
2025-05-15 00:00:00-04:00,515.34313429326,520.740780872913,513.9961737159014,518.06689453125,50153300,0.0,0.0,0.0,QQQ
2025-05-16 00:00:00-04:00,519.4736774852381,520.5113468748441,515.9217911890203,520.32177734375,48394600,0.0,0.0,0.0,QQQ
2025-05-19 00:00:00-04:00,513.0683621458206,521.3395134461759,513.0683621458206,520.8206787109375,52536200,0.0,0.0,0.0,QQQ
2025-05-20 00:00:00-04:00,518.2864297349452,519.7431252481014,515.4828343697768,519.0846557617188,42517600,0.0,0.0,0.0,QQQ
2025-05-21 00:00:00-04:00,515.0937453813776,521.8083922034795,510.0751765474603,511.8710632324219,71292800,0.0,0.0,0.0,QQQ
2025-05-22 00:00:00-04:00,512.4896663081278,516.5304876315237,511.1327795047052,512.8289184570312,55607200,0.0,0.0,0.0,QQQ
2025-05-23 00:00:00-04:00,505.0266864096977,510.6737940312997,504.428047390636,508.0797119140625,58368100,0.0,0.0,0.0,QQQ
2025-05-27 00:00:00-04:00,514.9740148753984,520.5213443920381,513.4175716555094,520.0324096679688,47226300,0.0,0.0,0.0,QQQ
2025-05-28 00:00:00-04:00,520.9902300780834,522.4868123985062,517.2088873377407,517.7276611328125,46637200,0.0,0.0,0.0,QQQ
2025-05-29 00:00:00-04:00,525.1308036452639,525.2804253410164,516.1413226819035,518.745361328125,58513300,0.0,0.0,0.0,QQQ
2025-05-30 00:00:00-04:00,518.2565112732493,519.4936763161024,510.7636123003792,517.92724609375,67662800,0.0,0.0,0.0,QQQ
2025-06-02 00:00:00-04:00,516.0615146714447,522.2573877784328,514.7943887427975,522.0179443359375,44762800,0.0,0.0,0.0,QQQ
2025-06-03 00:00:00-04:00,522.3671028482407,527.5352932742484,521.4990899538703,526.0985717773438,44070300,0.0,0.0,0.0,QQQ
2025-06-04 00:00:00-04:00,526.8069684561985,528.6328159543389,524.7715775087336,527.5652465820312,41359300,0.0,0.0,0.0,QQQ
2025-06-05 00:00:00-04:00,528.9720333839703,531.8354895194587,521.4691474254556,523.5942993164062,61031200,0.0,0.0,0.0,QQQ
2025-06-06 00:00:00-04:00,528.7924202239315,530.5883068303796,527.0065205763339,528.7125854492188,42467000,0.0,0.0,0.0,QQQ
2025-06-09 00:00:00-04:00,528.9321230881146,531.1370487649452,527.8046928522319,529.4908447265625,33688700,0.0,0.0,0.0,QQQ
2025-06-10 00:00:00-04:00,529.9597463571823,533.6812892020579,527.6849728561217,532.9928588867188,40664800,0.0,0.0,0.0,QQQ
2025-06-11 00:00:00-04:00,534.3996074866686,535.5569985772692,528.9021520465418,531.1968994140625,53701000,0.0,0.0,0.0,QQQ
2025-06-12 00:00:00-04:00,529.8800008275191,533.4219003917297,529.6305704230522,532.444091796875,34104900,0.0,0.0,0.0,QQQ
2025-06-13 00:00:00-04:00,526.4777297402487,530.6581857051825,524.5321604293532,525.7593994140625,55814400,0.0,0.0,0.0,QQQ
2025-06-16 00:00:00-04:00,529.2912890357304,534.1501881746067,529.2414151368115,533.0726318359375,37622100,0.0,0.0,0.0,QQQ
2025-06-17 00:00:00-04:00,530.4985241525759,532.114828121446,526.7071337109421,527.87451171875,42180900,0.0,0.0,0.0,QQQ
2025-06-18 00:00:00-04:00,528.8921241797174,531.3365539479147,526.1983249413829,527.78466796875,43983500,0.0,0.0,0.0,QQQ
2025-06-20 00:00:00-04:00,531.047259148263,532.344284928363,523.6840695536811,525.629638671875,61643500,0.0,0.0,0.0,QQQ
2025-06-23 00:00:00-04:00,526.20000126727,531.55378026132,523.0436870736086,531.034423828125,50666100,0.591,0.0,0.0,QQQ
2025-06-24 00:00:00-04:00,536.2683002275495,540.0738858388895,535.649023059839,539.1549682617188,45442000,0.0,0.0,0.0,QQQ
2025-06-25 00:00:00-04:00,541.4323074065491,542.680859941889,538.7554180865176,540.5333251953125,44804200,0.0,0.0,0.0,QQQ
2025-06-26 00:00:00-04:00,542.7207916351388,546.0369544844908,540.8929546179629,545.5874633789062,43811400,0.0,0.0,0.0,QQQ
2025-06-27 00:00:00-04:00,546.6263273030402,549.3531466770356,543.9094451396949,547.4553833007812,57577100,0.0,0.0,0.0,QQQ
2025-06-30 00:00:00-04:00,550.6216558623904,552.1598506096717,548.3742613412151,551.001220703125,45548700,0.0,0.0,0.0,QQQ
2025-07-01 00:00:00-04:00,549.0934460070984,550.0723527171726,544.0293092638873,546.3566284179688,56166700,0.0,0.0,0.0,QQQ
2025-07-02 00:00:00-04:00,545.5275288228387,550.3619510063211,545.4875970893971,550.1621704101562,36538300,0.0,0.0,0.0,QQQ
2025-07-03 00:00:00-04:00,552.5394696749878,556.5548344555102,552.5394696749878,555.575927734375,26443500,0.0,0.0,0.0,QQQ
2025-07-07 00:00:00-04:00,552.8790730109989,553.6981308106792,548.9436328812806,551.3908081054688,45349300,0.0,0.0,0.0,QQQ
2025-07-08 00:00:00-04:00,552.7392132279926,553.3684885906421,550.4618241127889,551.700439453125,36153300,0.0,0.0,0.0,QQQ
2025-07-09 00:00:00-04:00,553.8379260408744,556.9843029163527,552.4595191206155,555.6058959960938,43045500,0.0,0.0,0.0,QQQ
2025-07-10 00:00:00-04:00,556.2451587077356,556.6546571200741,552.1099380275332,554.8068237304688,34710900,0.0,0.0,0.0,QQQ
2025-07-11 00:00:00-04:00,552.6593063234978,555.1464133288152,551.4107537333198,553.5582885742188,39618600,0.0,0.0,0.0,QQQ
2025-07-14 00:00:00-04:00,553.3485178698481,556.3051123937647,550.9912651766557,555.5659790039062,36453300,0.0,0.0,0.0,QQQ
2025-07-15 00:00:00-04:00,559.6012590858759,560.1506100210427,556.0153892983303,556.0753173828125,43277700,0.0,0.0,0.0,QQQ
2025-07-16 00:00:00-04:00,556.6347161101686,559.5613159442702,550.9213079932537,556.6446533203125,52314700,0.0,0.0,0.0,QQQ
2025-07-17 00:00:00-04:00,557.3738836913942,561.6588943188981,556.5648240354463,561.1494750976562,40423800,0.0,0.0,0.0,QQQ
2025-07-18 00:00:00-04:00,562.4679390321799,564.0760601261163,559.331560315118,560.610107421875,50484700,0.0,0.0,0.0,QQQ
2025-07-21 00:00:00-04:00,561.4391759845101,565.4045498103267,561.4091814589228,563.5167236328125,39595200,0.0,0.0,0.0,QQQ
2025-07-22 00:00:00-04:00,563.6465537000605,563.6964836094055,557.9631400264451,560.60009765625,43270600,0.0,0.0,0.0,QQQ
2025-07-23 00:00:00-04:00,561.6888968940013,563.1970972643824,558.9320829262327,563.1571655273438,40215300,0.0,0.0,0.0,QQQ
2025-07-24 00:00:00-04:00,564.4756300983396,565.5843301767457,562.637733844974,564.3557739257812,42275500,0.0,0.0,0.0,QQQ
2025-07-25 00:00:00-04:00,564.2758373590184,567.0426493724743,563.6166284241184,565.7141723632812,30630800,0.0,0.0,0.0,QQQ
2025-07-28 00:00:00-04:00,567.0825555076628,568.3810379335021,566.213567832283,567.4821166992188,31498700,0.0,0.0,0.0,QQQ
2025-07-29 00:00:00-04:00,570.099096579047,571.4475089568917,565.8740142282852,566.6031494140625,45463300,0.0,0.0,0.0,QQQ
2025-07-30 00:00:00-04:00,567.5220925978703,569.9592697412776,564.3957119723051,567.3623046875,43433800,0.0,0.0,0.0,QQQ
2025-07-31 00:00:00-04:00,573.8747072559383,573.9646298675983,563.2170793219943,564.3557739257812,64613600,0.0,0.0,0.0,QQQ
2025-08-01 00:00:00-04:00,558.1829278722018,558.3727103030013,551.0411827265443,553.2386474609375,69400800,0.0,0.0,0.0,QQQ
2025-08-04 00:00:00-04:00,558.4026371722885,563.6665542967966,558.3027773528459,563.44677734375,47669800,0.0,0.0,0.0,QQQ
2025-08-05 00:00:00-04:00,564.7353434752952,565.903971649668,559.081863110002,559.6212768554688,48666600,0.0,0.0,0.0,QQQ
2025-08-06 00:00:00-04:00,560.46025478518,567.1025788833654,559.9808301040473,566.6630859375,41823700,0.0,0.0,0.0,QQQ
2025-08-07 00:00:00-04:00,571.0080505877872,572.6561644511387,564.45564880044,568.5808715820312,44463000,0.0,0.0,0.0,QQQ
2025-08-08 00:00:00-04:00,569.7894764496438,574.1044815488668,569.4898360186871,573.8847045898438,35255500,0.0,0.0,0.0,QQQ
2025-08-11 00:00:00-04:00,574.0245417091662,576.1320838089041,570.9081593818767,572.1866455078125,33112900,0.0,0.0,0.0,QQQ
2025-08-12 00:00:00-04:00,574.493943836454,579.6779363086406,571.8270527389294,579.3782958984375,42143300,0.0,0.0,0.0,QQQ
2025-08-13 00:00:00-04:00,582.0852105080592,582.6445596248751,578.2696265108757,579.6680297851562,41209300,0.0,0.0,0.0,QQQ
2025-08-14 00:00:00-04:00,577.610445725867,581.206252942872,577.2408180571425,579.2185668945312,45425000,0.0,0.0,0.0,QQQ
2025-08-15 00:00:00-04:00,579.1286212694092,579.1686139695657,574.903538812632,576.6715087890625,49480200,0.0,0.0,0.0,QQQ
2025-08-18 00:00:00-04:00,575.7725043332697,577.1009813081188,574.5738816999574,576.4417114257812,29831000,0.0,0.0,0.0,QQQ
2025-08-19 00:00:00-04:00,575.7226021797385,575.8923882635952,567.5920130021344,568.620849609375,53752600,0.0,0.0,0.0,QQQ
2025-08-20 00:00:00-04:00,567.6719298873941,567.7917860584612,558.1929284111997,565.2447509765625,76781100,0.0,0.0,0.0,QQQ
2025-08-21 00:00:00-04:00,563.6965150159476,565.8340517424351,560.3304220145135,562.6278076171875,46436900,0.0,0.0,0.0,QQQ
2025-08-22 00:00:00-04:00,564.0161431934172,573.3253587434433,562.617800852793,571.3076782226562,51502100,0.0,0.0,0.0,QQQ
2025-08-25 00:00:00-04:00,569.7395313678815,572.6261385677973,568.5009160121044,569.6596069335938,34044700,0.0,0.0,0.0,QQQ
2025-08-26 00:00:00-04:00,569.1702111117808,572.2565990617475,568.1413744854693,571.9469604492188,34103000,0.0,0.0,0.0,QQQ
2025-08-27 00:00:00-04:00,570.9281643841576,573.7448453667379,569.7095453598557,572.825927734375,36927100,0.0,0.0,0.0,QQQ
2025-08-28 00:00:00-04:00,573.4452115221324,577.3307218421304,571.7971586699575,576.4118041992188,46787900,0.0,0.0,0.0,QQQ
2025-08-29 00:00:00-04:00,573.9945791596829,574.3642068270976,567.8816703337434,569.7395629882812,56030400,0.0,0.0,0.0,QQQ
2025-09-02 00:00:00-04:00,560.660020123991,565.3145971818625,558.8920502137331,564.9650268554688,65876800,0.0,0.0,0.0,QQQ
2025-09-03 00:00:00-04:00,568.5708579374373,571.0380295776428,566.0737527363494,569.409912109375,54230200,0.0,0.0,0.0,QQQ
2025-09-04 00:00:00-04:00,570.0791126733634,574.9334704969435,568.3711317527417,574.5639038085938,47526300,0.0,0.0,0.0,QQQ
2025-09-05 00:00:00-04:00,579.8178072667213,580.4470826304052,570.8682215867353,575.3929443359375,68342500,0.0,0.0,0.0,QQQ
2025-09-08 00:00:00-04:00,577.7002859937904,580.1674576203714,577.1010051346319,578.19970703125,46371400,0.0,0.0,0.0,QQQ
2025-09-09 00:00:00-04:00,578.9987754125199,580.26732437145,576.3718158469537,579.8378295898438,44007600,0.0,0.0,0.0,QQQ
2025-09-10 00:00:00-04:00,583.0640457610823,583.0940402853914,577.8800531074673,580.027587890625,49308000,0.0,0.0,0.0,QQQ
2025-09-11 00:00:00-04:00,582.5646323700341,584.2027479772381,580.9465131126315,583.4036865234375,44745800,0.0,0.0,0.0,QQQ
2025-09-12 00:00:00-04:00,584.3625326071349,587.1792745116926,583.4236186389489,585.9806518554688,50745900,0.0,0.0,0.0,QQQ
2025-09-15 00:00:00-04:00,587.7586344703801,591.1047310439144,587.6087837729755,590.994873046875,44360300,0.0,0.0,0.0,QQQ
2025-09-16 00:00:00-04:00,591.9237591465338,592.1734696533504,589.8062189258886,590.4954223632812,36942100,0.0,0.0,0.0,QQQ
2025-09-17 00:00:00-04:00,590.415535410039,591.0648071547686,583.6933476484554,589.3168334960938,69384800,0.0,0.0,0.0,QQQ
2025-09-18 00:00:00-04:00,594.2211168753206,597.4474182598135,592.2734235847219,594.6306762695312,61069300,0.0,0.0,0.0,QQQ
2025-09-19 00:00:00-04:00,596.6383253844207,599.3551464363971,595.159997727806,598.6559448242188,58196100,0.0,0.0,0.0,QQQ
2025-09-22 00:00:00-04:00,597.739990234375,602.8699951171875,597.719970703125,602.2000122070312,57154800,0.694,0.0,0.0,QQQ
2025-09-23 00:00:00-04:00,602.3699951171875,602.5700073242188,596.97998046875,598.2000122070312,64635500,0.0,0.0,0.0,QQQ
2025-09-24 00:00:00-04:00,599.5800170898438,599.9000244140625,593.3599853515625,596.0999755859375,49850300,0.0,0.0,0.0,QQQ
2025-09-25 00:00:00-04:00,592.2000122070312,595.1199951171875,588.5,593.530029296875,70920200,0.0,0.0,0.0,QQQ
2025-09-26 00:00:00-04:00,594.3499755859375,596.2999877929688,591.0599975585938,595.969970703125,54337400,0.0,0.0,0.0,QQQ
2025-09-29 00:00:00-04:00,599.1099853515625,602.0499877929688,597.4099731445312,598.72998046875,48332900,0.0,0.0,0.0,QQQ
2025-09-30 00:00:00-04:00,598.4299926757812,600.7100219726562,596.0999755859375,600.3699951171875,46533800,0.0,0.0,0.0,QQQ
2025-10-01 00:00:00-04:00,597.1699829101562,603.7899780273438,596.3400268554688,603.25,46899600,0.0,0.0,0.0,QQQ
2025-10-02 00:00:00-04:00,607.0599975585938,607.1599731445312,602.9299926757812,605.72998046875,43765400,0.0,0.0,0.0,QQQ
2025-10-03 00:00:00-04:00,606.510009765625,607.3300170898438,601.3900146484375,603.1799926757812,46482100,0.0,0.0,0.0,QQQ
2025-10-06 00:00:00-04:00,608.4500122070312,609.3599853515625,605.969970703125,607.7100219726562,41962100,0.0,0.0,0.0,QQQ
2025-10-07 00:00:00-04:00,609.02001953125,609.7100219726562,603.030029296875,604.510009765625,58209500,0.0,0.0,0.0,QQQ
2025-10-08 00:00:00-04:00,605.4099731445312,611.75,605.260009765625,611.4400024414062,50629800,0.0,0.0,0.0,QQQ
2025-10-09 00:00:00-04:00,611.47998046875,611.6099853515625,607.47998046875,610.7000122070312,45551000,0.0,0.0,0.0,QQQ
2025-10-10 00:00:00-04:00,611.4000244140625,613.1799926757812,589.0499877929688,589.5,97614800,0.0,0.0,0.0,QQQ
2025-10-13 00:00:00-04:00,599.6799926757812,602.9500122070312,597.22998046875,602.010009765625,65872600,0.0,0.0,0.0,QQQ
2025-10-14 00:00:00-04:00,595.3099975585938,602.6900024414062,590.1300048828125,598.0,69203200,0.0,0.0,0.0,QQQ
2025-10-15 00:00:00-04:00,604.010009765625,606.7000122070312,595.9299926757812,602.219970703125,62805500,0.0,0.0,0.0,QQQ
2025-10-16 00:00:00-04:00,605.1099853515625,608.3099975585938,595.5,599.989990234375,70982000,0.0,0.0,0.0,QQQ
2025-10-17 00:00:00-04:00,597.9500122070312,605.510009765625,596.3699951171875,603.9299926757812,72024900,0.0,0.0,0.0,QQQ
2025-10-20 00:00:00-04:00,607.1400146484375,612.7999877929688,607.0700073242188,611.5399780273438,45761700,0.0,0.0,0.0,QQQ
2025-10-21 00:00:00-04:00,611.6400146484375,612.719970703125,609.3200073242188,611.3800048828125,44538200,0.0,0.0,0.0,QQQ
2025-10-22 00:00:00-04:00,610.8200073242188,611.4099731445312,599.739990234375,605.489990234375,61478800,0.0,0.0,0.0,QQQ
2025-10-23 00:00:00-04:00,604.9099731445312,611.3699951171875,604.52001953125,610.5800170898438,42844300,0.0,0.0,0.0,QQQ
2025-10-24 00:00:00-04:00,615.989990234375,618.4199829101562,615.1300048828125,617.0999755859375,47632500,0.0,0.0,0.0,QQQ
2025-10-27 00:00:00-04:00,624.52001953125,628.5499877929688,624.030029296875,628.0900268554688,54098600,0.0,0.0,0.0,QQQ
2025-10-28 00:00:00-04:00,630.3599853515625,634.6799926757812,629.25,632.9199829101562,61195700,0.0,0.0,0.0,QQQ
2025-10-29 00:00:00-04:00,635.5900268554688,637.010009765625,630.25,635.77001953125,67422800,0.0,0.0,0.0,QQQ
2025-10-30 00:00:00-04:00,632.1699829101562,633.5,625.9400024414062,626.0499877929688,61628600,0.0,0.0,0.0,QQQ
2025-10-31 00:00:00-04:00,634.1699829101562,634.2000122070312,626.6900024414062,629.0700073242188,66305100,0.0,0.0,0.0,QQQ
2025-11-03 00:00:00-05:00,635.1099853515625,635.8200073242188,629.8499755859375,632.0800170898438,37154300,0.0,0.0,0.0,QQQ
2025-11-04 00:00:00-05:00,623.280029296875,626.9500122070312,618.4600219726562,619.25,63830800,0.0,0.0,0.0,QQQ
2025-11-05 00:00:00-05:00,618.489990234375,626.5999755859375,617.2100219726562,623.280029296875,48688500,0.0,0.0,0.0,QQQ
2025-11-06 00:00:00-05:00,621.7899780273438,622.0399780273438,610.2999877929688,611.6699829101562,72115100,0.0,0.0,0.0,QQQ
2025-11-07 00:00:00-05:00,608.3099975585938,609.9500122070312,598.6699829101562,609.739990234375,81835400,0.0,0.0,0.0,QQQ
2025-11-10 00:00:00-05:00,618.9199829101562,624.3099975585938,616.8900146484375,623.22998046875,55919900,0.0,0.0,0.0,QQQ
2025-11-11 00:00:00-05:00,620.5700073242188,622.719970703125,617.52001953125,621.5700073242188,44868800,0.0,0.0,0.0,QQQ
2025-11-12 00:00:00-05:00,624.8400268554688,624.8599853515625,617.8099975585938,621.0800170898438,47444400,0.0,0.0,0.0,QQQ
2025-11-13 00:00:00-05:00,617.5399780273438,618.1199951171875,606.0800170898438,608.4000244140625,71333600,0.0,0.0,0.0,QQQ
2025-11-14 00:00:00-05:00,599.5499877929688,613.3499755859375,597.1699829101562,608.8599853515625,80087300,0.0,0.0,0.0,QQQ
2025-11-17 00:00:00-05:00,606.2999877929688,612.47998046875,599.8699951171875,603.6599731445312,63850400,0.0,0.0,0.0,QQQ
2025-11-18 00:00:00-05:00,599.6199951171875,602.3099975585938,591.3400268554688,596.3099975585938,83327300,0.0,0.0,0.0,QQQ
2025-11-19 00:00:00-05:00,597.0700073242188,606.1599731445312,594.5900268554688,599.8699951171875,73111500,0.0,0.0,0.0,QQQ
2025-11-20 00:00:00-05:00,611.6199951171875,614.030029296875,584.75,585.6699829101562,117743200,0.0,0.0,0.0,QQQ
2025-11-21 00:00:00-05:00,587.469970703125,596.97998046875,580.739990234375,590.0700073242188,103344200,0.0,0.0,0.0,QQQ
2025-11-24 00:00:00-05:00,595.280029296875,606.6799926757812,595.1599731445312,605.1599731445312,60168100,0.0,0.0,0.0,QQQ
2025-11-25 00:00:00-05:00,603.510009765625,610.260009765625,597.3200073242188,608.8900146484375,57560900,0.0,0.0,0.0,QQQ
2025-11-26 00:00:00-05:00,612.510009765625,616.1900024414062,610.3900146484375,614.27001953125,42393600,0.0,0.0,0.0,QQQ
2025-11-28 00:00:00-05:00,616.1099853515625,619.3200073242188,615.4174194335938,619.25,21108767,0.0,0.0,0.0,QQQ
